{
  "project_info": {
    "project_number": "152550068585",
    "firebase_url": "https://vistal-51245-default-rtdb.firebaseio.com",
    "project_id": "vistal-51245",
    "storage_bucket": "vistal-51245.appspot.com"
  },
  "client": [
    {
      "client_info": {
        "mobilesdk_app_id": "1:152550068585:android:04bebbca8e436fa8ae6df8",
        "android_client_info": {
          "package_name": "adminvistal.com"
        }
      },
      "oauth_client": [
        {
          "client_id": "152550068585-562ln2kd9b3j8nb5mggbdts054qb46a9.apps.googleusercontent.com",
          "client_type": 1,
          "android_info": {
            "package_name": "adminvistal.com",
            "certificate_hash": "69820cd67471b8121923f6f3731a005959b05051"
          }
        },
        {
          "client_id": "152550068585-f5nctjd6a81bg9sep1t17s82fo5q2926.apps.googleusercontent.com",
          "client_type": 3
        }
      ],
      "api_key": [
        {
          "current_key": "AIzaSyCL8M-PRpjmenU2T_gfgCeOQb1OM4Am1Ss"
        }
      ],
      "services": {
        "appinvite_service": {
          "other_platform_oauth_client": [
            {
              "client_id": "152550068585-f5nctjd6a81bg9sep1t17s82fo5q2926.apps.googleusercontent.com",
              "client_type": 3
            }
          ]
        }
      }
    },
    {
      "client_info": {
        "mobilesdk_app_id": "1:152550068585:android:1a48a1d6fa28fb10ae6df8",
        "android_client_info": {
          "package_name": "coursiers.com"
        }
      },
      "oauth_client": [
        {
          "client_id": "152550068585-4mdk3fqn9f7jikrf8flskg0e96mncntn.apps.googleusercontent.com",
          "client_type": 1,
          "android_info": {
            "package_name": "coursiers.com",
            "certificate_hash": "69820cd67471b8121923f6f3731a005959b05051"
          }
        },
        {
          "client_id": "152550068585-f5nctjd6a81bg9sep1t17s82fo5q2926.apps.googleusercontent.com",
          "client_type": 3
        }
      ],
      "api_key": [
        {
          "current_key": "AIzaSyCL8M-PRpjmenU2T_gfgCeOQb1OM4Am1Ss"
        }
      ],
      "services": {
        "appinvite_service": {
          "other_platform_oauth_client": [
            {
              "client_id": "152550068585-f5nctjd6a81bg9sep1t17s82fo5q2926.apps.googleusercontent.com",
              "client_type": 3
            }
          ]
        }
      }
    },
    {
      "client_info": {
        "mobilesdk_app_id": "1:152550068585:android:8c125f47b6f5c0a0ae6df8",
        "android_client_info": {
          "package_name": "vendeur.com"
        }
      },
      "oauth_client": [
        {
          "client_id": "152550068585-pv32hi5t6fb2a6h5qmt77207gvhdo19d.apps.googleusercontent.com",
          "client_type": 1,
          "android_info": {
            "package_name": "vendeur.com",
            "certificate_hash": "69820cd67471b8121923f6f3731a005959b05051"
          }
        },
        {
          "client_id": "152550068585-f5nctjd6a81bg9sep1t17s82fo5q2926.apps.googleusercontent.com",
          "client_type": 3
        }
      ],
      "api_key": [
        {
          "current_key": "AIzaSyCL8M-PRpjmenU2T_gfgCeOQb1OM4Am1Ss"
        }
      ],
      "services": {
        "appinvite_service": {
          "other_platform_oauth_client": [
            {
              "client_id": "152550068585-f5nctjd6a81bg9sep1t17s82fo5q2926.apps.googleusercontent.com",
              "client_type": 3
            }
          ]
        }
      }
    },
    {
      "client_info": {
        "mobilesdk_app_id": "1:152550068585:android:7e0e16354e386232ae6df8",
        "android_client_info": {
          "package_name": "vistal.com"
        }
      },
      "oauth_client": [
        {
          "client_id": "152550068585-4au3ouejfl42s7siamn89t72q6h7k96c.apps.googleusercontent.com",
          "client_type": 1,
          "android_info": {
            "package_name": "vistal.com",
            "certificate_hash": "37e3d1f677098b5f0d7a51139bdc2b651385380e"
          }
        },
        {
          "client_id": "152550068585-9n9kmm0d3j35pso9q8lt0v6lvrcnaqai.apps.googleusercontent.com",
          "client_type": 1,
          "android_info": {
            "package_name": "vistal.com",
            "certificate_hash": "90d3f886eec8a66d95fbc03d51205e0c4991526d"
          }
        },
        {
          "client_id": "152550068585-j3pvv9sqn0t704app94f4tms71oopv1c.apps.googleusercontent.com",
          "client_type": 1,
          "android_info": {
            "package_name": "vistal.com",
            "certificate_hash": "69820cd67471b8121923f6f3731a005959b05051"
          }
        },
        {
          "client_id": "152550068585-f5nctjd6a81bg9sep1t17s82fo5q2926.apps.googleusercontent.com",
          "client_type": 3
        }
      ],
      "api_key": [
        {
          "current_key": "AIzaSyCL8M-PRpjmenU2T_gfgCeOQb1OM4Am1Ss"
        }
      ],
      "services": {
        "appinvite_service": {
          "other_platform_oauth_client": [
            {
              "client_id": "152550068585-f5nctjd6a81bg9sep1t17s82fo5q2926.apps.googleusercontent.com",
              "client_type": 3
            }
          ]
        }
      }
    }
  ],
  "configuration_version": "1"
}